{"cameraMode":{"drawMode":0,"name":"Shaded","section":"Shading Mode"},"sceneLighting":true,"audioPlay":false,"sceneViewState":{"m_AlwaysRefresh":false,"showFog":true,"showSkybox":true,"showFlares":true,"showImageEffects":true,"showParticleSystems":true,"showVisualEffectGraphs":true,"m_FxEnabled":true},"in2DMode":false,"pivot":{"x":2.1833226680755617,"y":-1.0198723077774048,"z":3.5123658180236818},"rotation":{"x":0.16572828590869904,"y":-0.008581803180277348,"z":0.001445832196623087,"w":0.9861510396003723},"size":5.38038444519043,"orthographic":true}